{
  "site": "Saros Bay Offshore Wind YEKA Candidate Zone",
  "context": {
    "tr_total_consumption_twh_2024": 347.9,
    "tr_offshore_target_2035_gw": 5.0,
    "istanbul_twh": null,
    "grid_co2_primary": 624.2,
    "offshore_lca_co2": 11.0
  },
  "five_gw_target_energy_twh": {
    "p10": 12.047762168092607,
    "p50": 13.109237380762348,
    "p90": 14.166773007895626
  },
  "scenarios": [
    {
      "name": "S1_pilot",
      "installed_mw": 247.0,
      "n_turbines": 26,
      "farm_aep_twh": {
        "p10": 0.5951594511037749,
        "p50": 0.64759632660966,
        "p90": 0.699838586590044
      },
      "avoided_co2_mt": {
        "p10": 0.31546662648187995,
        "p50": 0.3766274505972869,
        "p90": 0.43329518485867397
      },
      "pct_of_national_demand": {
        "p10": 0.17107198939458895,
        "p50": 0.18614438821778098,
        "p90": 0.20116084696465766
      },
      "pct_of_2035_target_capacity": 4.9399999999999995
    },
    {
      "name": "S2_phase1",
      "installed_mw": 503.5,
      "n_turbines": 53,
      "farm_aep_twh": {
        "p10": 1.2132096503269256,
        "p50": 1.3201002042427685,
        "p90": 1.4265940418950898
      },
      "avoided_co2_mt": {
        "p10": 0.6430665847515246,
        "p50": 0.7677405723713926,
        "p90": 0.8832555691349894
      },
      "pct_of_national_demand": {
        "p10": 0.34872367068896976,
        "p50": 0.37944817598239977,
        "p90": 0.41005864958180216
      },
      "pct_of_2035_target_capacity": 10.07
    },
    {
      "name": "S3_phase2",
      "installed_mw": 997.5,
      "n_turbines": 105,
      "farm_aep_twh": {
        "p10": 2.403528552534475,
        "p50": 2.6152928574620886,
        "p90": 2.826271215075178
      },
      "avoided_co2_mt": {
        "p10": 1.2739998377152846,
        "p50": 1.5209954735659665,
        "p90": 1.7498459388523373
      },
      "pct_of_national_demand": {
        "p10": 0.6908676494781475,
        "p50": 0.7517369524179618,
        "p90": 0.8123803435111175
      },
      "pct_of_2035_target_capacity": 19.950000000000003
    },
    {
      "name": "S4_max",
      "installed_mw": 1738.5,
      "n_turbines": 183,
      "farm_aep_twh": {
        "p10": 4.189006905845799,
        "p50": 4.558081837291069,
        "p90": 4.925786974845309
      },
      "avoided_co2_mt": {
        "p10": 2.2203997171609244,
        "p50": 2.6508778253578273,
        "p90": 3.049731493428359
      },
      "pct_of_national_demand": {
        "p10": 1.2040836176619143,
        "p50": 1.3101701170713047,
        "p90": 1.4158628844050904
      },
      "pct_of_2035_target_capacity": 34.77
    }
  ],
  "headline_scenario": "S3_phase2"
}