{
  "site": "Saros Bay Offshore Wind YEKA Candidate Zone",
  "n_iterations": 10000,
  "seed": 2026,
  "base_weibull": {
    "k": 2.0352197647756207,
    "c": 8.080019925561134,
    "sigma_c_interannual": 0.26050294958052994
  },
  "sampling": {
    "k": "Normal(k0, 0.04)",
    "c": "Normal(c0, 0.2605)",
    "wake": "Triangular(0.05, 0.08, 0.12)",
    "availability": "Triangular(0.92, 0.95, 0.97)",
    "electrical": "Triangular(0.02, 0.03, 0.04)",
    "grid_co2": "Triangular(434.0, 624.2, 713.4)",
    "lca_co2": "Triangular(8.0, 11.0, 14.0)"
  },
  "per_mw": {
    "net_aep_gwh_per_mw": {
      "p10": 2.4095524336185217,
      "p50": 2.62184747615247,
      "p90": 2.8333546015791256,
      "mean": 2.621305639333484,
      "std": 0.16590030158611563
    },
    "net_cf_pct": {
      "p10": 27.48747927924391,
      "p50": 29.909279901351475,
      "p90": 32.322092192324035,
      "mean": 29.903098783179146,
      "std": 1.8925427970124988
    },
    "avoided_co2_t_per_mw": {
      "p10": 1277.1928197646962,
      "p50": 1524.8074922967082,
      "p90": 1754.2315176464535,
      "mean": 1519.3810091878568,
      "std": 182.29685255910186
    }
  },
  "scenarios": [
    {
      "name": "S1_pilot",
      "installed_mw": 247.0,
      "n_turbines": 26,
      "farm_aep_twh": {
        "p10": 0.5951594511037748,
        "p50": 0.64759632660966,
        "p90": 0.699838586590044,
        "mean": 0.6474624929153706,
        "std": 0.04097737449177057
      },
      "avoided_co2_mt": {
        "p10": 0.31546662648187995,
        "p50": 0.3766274505972869,
        "p90": 0.43329518485867397,
        "mean": 0.37528710926940057,
        "std": 0.04502732258209816
      }
    },
    {
      "name": "S2_phase1",
      "installed_mw": 503.5,
      "n_turbines": 53,
      "farm_aep_twh": {
        "p10": 1.2132096503269254,
        "p50": 1.3201002042427685,
        "p90": 1.4265940418950898,
        "mean": 1.319827389404409,
        "std": 0.08353080184860923
      },
      "avoided_co2_mt": {
        "p10": 0.6430665847515246,
        "p50": 0.7677405723713926,
        "p90": 0.8832555691349894,
        "mean": 0.7650083381260858,
        "std": 0.0917864652635078
      }
    },
    {
      "name": "S3_phase2",
      "installed_mw": 997.5,
      "n_turbines": 105,
      "farm_aep_twh": {
        "p10": 2.403528552534475,
        "p50": 2.6152928574620886,
        "p90": 2.826271215075178,
        "mean": 2.6147523752351503,
        "std": 0.16548555083215036
      },
      "avoided_co2_mt": {
        "p10": 1.2739998377152846,
        "p50": 1.5209954735659665,
        "p90": 1.7498459388523373,
        "mean": 1.5155825566648868,
        "std": 0.18184111042770412
      }
    },
    {
      "name": "S4_max",
      "installed_mw": 1738.5,
      "n_turbines": 183,
      "farm_aep_twh": {
        "p10": 4.189006905845799,
        "p50": 4.558081837291069,
        "p90": 4.92578697484531,
        "mean": 4.557139853981262,
        "std": 0.28841767430746207
      },
      "avoided_co2_mt": {
        "p10": 2.2203997171609244,
        "p50": 2.6508778253578273,
        "p90": 3.049731493428359,
        "mean": 2.6414438844730883,
        "std": 0.31692307817399856
      }
    }
  ]
}